E,mean,gt_to_sim_mean,sim_to_gt_mean,gt_to_sim_rmse,sim_to_gt_rmse,gt_to_sim_max,sim_to_gt_max,num_gt,num_sim,screenshot
1000000.0,0.05232048253325471,0.08490247072250504,0.019738494344004393,0.10329643308824556,0.023976213887758797,0.20314266716072463,0.04698211061744253,1867,90,results_fitE_cantilever_fixedEnd\fb_surface_E_1.00e+06.png
2000000.0,0.0466960936528123,0.07494125110103227,0.018450936204592337,0.09273780593390184,0.02276523007533308,0.1889372661996497,0.044937925626127216,1867,104,results_fitE_cantilever_fixedEnd\fb_surface_E_2.00e+06.png
3000000.0,0.04267691761944118,0.06807045680399815,0.017283378434884214,0.08542030693476349,0.021413134880856825,0.17970754836956115,0.043897704532686904,1867,115,results_fitE_cantilever_fixedEnd\fb_surface_E_3.00e+06.png
4000000.0,0.03931492099075283,0.062168593675903015,0.016461248305602638,0.07892199499698979,0.020485254211365128,0.1698724374824666,0.042798389707885395,1867,125,results_fitE_cantilever_fixedEnd\fb_surface_E_4.00e+06.png
5000000.0,0.0364415177864741,0.057164187976641294,0.0157188475963069,0.07339453596227191,0.01964668969312246,0.16056781502088077,0.03994654337285239,1867,134,results_fitE_cantilever_fixedEnd\fb_surface_E_5.00e+06.png
6000000.0,0.033734145278917285,0.05247854473063559,0.01498974582719898,0.06800809789526782,0.018801484088131662,0.15291890171422515,0.039709226291053,1867,141,results_fitE_cantilever_fixedEnd\fb_surface_E_6.00e+06.png
7000000.0,0.031315007678603984,0.04861270120196281,0.01401731415524516,0.06370172235876635,0.01761298810146337,0.14659898561373372,0.039007562991015335,1867,147,results_fitE_cantilever_fixedEnd\fb_surface_E_7.00e+06.png
8000000.0,0.02905391246039229,0.04433986500273916,0.013767959918045419,0.05854769603844838,0.01736594875767699,0.13712354181022915,0.03759116407741488,1867,157,results_fitE_cantilever_fixedEnd\fb_surface_E_8.00e+06.png
9000000.0,0.026957899675149454,0.04081265402190164,0.013103145328397271,0.0543749110145343,0.01655012967219715,0.1311762868574338,0.035946969431935386,1867,164,results_fitE_cantilever_fixedEnd\fb_surface_E_9.00e+06.png
10000000.0,0.02506434109553407,0.03762810231201225,0.012500579879055885,0.050587003743948505,0.01581032233379352,0.12473417672747378,0.034422923926401075,1867,171,results_fitE_cantilever_fixedEnd\fb_surface_E_1.00e+07.png
11000000.0,0.023105986950079975,0.034041484714430005,0.012170489185729945,0.0459421521150302,0.015432189698172618,0.11575441882505963,0.0335946259999977,1867,180,results_fitE_cantilever_fixedEnd\fb_surface_E_1.10e+07.png
12000000.0,0.02141910914636845,0.03128234984528027,0.01155586844745663,0.04249757279154316,0.014667074541633558,0.10969075430061193,0.03240866567651856,1867,185,results_fitE_cantilever_fixedEnd\fb_surface_E_1.20e+07.png
13000000.0,0.019791153907045694,0.028196630377697558,0.01138567743639383,0.038383250890113206,0.014514405130752426,0.10213996026713505,0.03194726827322746,1867,195,results_fitE_cantilever_fixedEnd\fb_surface_E_1.30e+07.png
14000000.0,0.01832380445348929,0.025861694887157633,0.010785914019820948,0.03537772393196892,0.013757501572458688,0.09765241357626947,0.03123640409526032,1867,201,results_fitE_cantilever_fixedEnd\fb_surface_E_1.40e+07.png
15000000.0,0.01694904531783181,0.02330765758026607,0.01059043305539755,0.03176988638530331,0.013509804027323262,0.08772177341061159,0.02926211373267696,1867,211,results_fitE_cantilever_fixedEnd\fb_surface_E_1.50e+07.png
16000000.0,0.01565165871120574,0.02112406753053661,0.01017924989187487,0.02874342994803514,0.012993607894330204,0.084033417833152,0.028299736246795992,1867,219,results_fitE_cantilever_fixedEnd\fb_surface_E_1.60e+07.png
17000000.0,0.014530464020373987,0.019173345963048843,0.009887582077699133,0.026057011314427635,0.012621394781780898,0.07626005467889298,0.028074681082078366,1867,229,results_fitE_cantilever_fixedEnd\fb_surface_E_1.70e+07.png
18000000.0,0.013397285853291106,0.01715497367835816,0.009639598028224054,0.02301372582290873,0.012287792336232521,0.06775576280904005,0.026103516586457112,1867,240,results_fitE_cantilever_fixedEnd\fb_surface_E_1.80e+07.png
19000000.0,0.012345216292284158,0.015460290033543357,0.00923014255102496,0.02048123930981277,0.011739177301931893,0.06217905280646247,0.0251143504096089,1867,249,results_fitE_cantilever_fixedEnd\fb_surface_E_1.90e+07.png
20000000.0,0.011309604007520468,0.01386995951226095,0.008749248502779987,0.018030379845432536,0.0111103891655856,0.055457980346926714,0.02415325749932341,1867,257,results_fitE_cantilever_fixedEnd\fb_surface_E_2.00e+07.png
21000000.0,0.010466625658194107,0.012559591001232917,0.008373660315155296,0.016078602736222768,0.01064027230810939,0.052276027817940024,0.024097660904561106,1867,266,results_fitE_cantilever_fixedEnd\fb_surface_E_2.10e+07.png
22000000.0,0.009624963884305445,0.011234006727067838,0.008015921041543052,0.01395606486421893,0.010189675884042189,0.042269332625276795,0.022361035066142485,1867,276,results_fitE_cantilever_fixedEnd\fb_surface_E_2.20e+07.png
23000000.0,0.008927467582596568,0.010213416575583084,0.007641518589610052,0.012432913918398045,0.00972625295574966,0.037210496551667874,0.022708990617364158,1867,285,results_fitE_cantilever_fixedEnd\fb_surface_E_2.30e+07.png
24000000.0,0.008212724684795256,0.009274332216372999,0.007151117153217513,0.011019793519554724,0.009100167499337437,0.030209909490144116,0.021041559787140413,1867,292,results_fitE_cantilever_fixedEnd\fb_surface_E_2.40e+07.png
25000000.0,0.007628279838280894,0.008473916265601187,0.006782643410960602,0.009846598891051689,0.008628866972797527,0.02703818922030167,0.019500359119568475,1867,301,results_fitE_cantilever_fixedEnd\fb_surface_E_2.50e+07.png
26000000.0,0.007068484565754532,0.007779475414143345,0.0063574937173657186,0.00886059678847605,0.008047745074794997,0.020600599435950065,0.018695215632049362,1867,309,results_fitE_cantilever_fixedEnd\fb_surface_E_2.60e+07.png
27000000.0,0.006544024402292171,0.007229730710772078,0.005858318093812264,0.008127919131738316,0.007379879371523132,0.018370098294665887,0.017241388846395343,1867,315,results_fitE_cantilever_fixedEnd\fb_surface_E_2.70e+07.png
28000000.0,0.005996296707271188,0.0067275919292901715,0.005265001485252204,0.007465277892746059,0.0065809930960533105,0.01669828228896193,0.015480542117863292,1867,317,results_fitE_cantilever_fixedEnd\fb_surface_E_2.80e+07.png
29000000.0,0.0054940773207520915,0.006313508341368497,0.0046746463001356865,0.006925782770709223,0.0057845734155452435,0.015239721826706435,0.014060591611430688,1867,315,results_fitE_cantilever_fixedEnd\fb_surface_E_2.90e+07.png
30000000.0,0.0050544068970469055,0.00593680994089059,0.004172003853203221,0.006441825763387441,0.0050838491634779505,0.013785572155537747,0.01248849827928409,1867,315,results_fitE_cantilever_fixedEnd\fb_surface_E_3.00e+07.png
31000000.0,0.004704861271480468,0.005641499152812343,0.0037682233901485916,0.006070806830299467,0.004506250851895168,0.013515123488477302,0.011083608859458041,1867,315,results_fitE_cantilever_fixedEnd\fb_surface_E_3.10e+07.png
32000000.0,0.004380878511088895,0.00539006755038682,0.00337168947179097,0.0057654943884262524,0.003923766833695468,0.013520458374065703,0.009622871577007391,1867,313,results_fitE_cantilever_fixedEnd\fb_surface_E_3.20e+07.png
33000000.0,0.004160946376482251,0.005211627018691198,0.0031102657342733046,0.0055550560165819,0.00352915819625651,0.013525228842183086,0.008539245352258924,1867,313,results_fitE_cantilever_fixedEnd\fb_surface_E_3.30e+07.png
34000000.0,0.00399514159838403,0.005080391962648316,0.0029098912341197426,0.005405953214518178,0.0032172917731337057,0.013530059113713475,0.007499681989660641,1867,313,results_fitE_cantilever_fixedEnd\fb_surface_E_3.40e+07.png
35100000.0,0.0039034296776230713,0.005013609173103182,0.0027932501821429606,0.005332258279926175,0.003027950218631358,0.01353477758359745,0.006867710300355485,1867,313,results_fitE_cantilever_fixedEnd\fb_surface_E_3.51e+07.png
35200000.0,0.0038940389647486003,0.005007436409686435,0.0027806415198107655,0.005325562798222682,0.0030060636279156563,0.013535501739582552,0.006870937229911433,1867,313,results_fitE_cantilever_fixedEnd\fb_surface_E_3.52e+07.png
35300000.0,0.003890895779265633,0.005005591720870862,0.0027761998376604037,0.005323434072839292,0.002997198463974054,0.013535915353486541,0.006873115594249387,1867,313,results_fitE_cantilever_fixedEnd\fb_surface_E_3.53e+07.png
35400000.0,0.0038883951150153495,0.0050042717950454065,0.0027725184349852924,0.005321845918956515,0.0029893127508397936,0.013536326938843124,0.0068753025263879,1867,313,results_fitE_cantilever_fixedEnd\fb_surface_E_3.54e+07.png
35500000.0,0.0038865589962253345,0.0050034743024393764,0.0027696436900112925,0.005320790997434046,0.0029824612733607677,0.013536736510168831,0.006877497767076154,1867,313,results_fitE_cantilever_fixedEnd\fb_surface_E_3.55e+07.png
35600000.0,0.0038854140435515333,0.005003198986032788,0.002767629101070278,0.005320261900042432,0.002976687281415959,0.013537144081764204,0.006879701061627135,1867,313,results_fitE_cantilever_fixedEnd\fb_surface_E_3.56e+07.png
35700000.0,0.003884946004882119,0.00500344741061,0.0027664445991542374,0.005320251491368074,0.0029719267187499443,0.013537549667862544,0.006881912160380388,1867,313,results_fitE_cantilever_fixedEnd\fb_surface_E_3.57e+07.png
35800000.0,0.003885145985133937,0.005004212078707732,0.002766079891560142,0.005320747847419536,0.0029681635747609955,0.013537953282574634,0.006884130818742756,1867,313,results_fitE_cantilever_fixedEnd\fb_surface_E_3.58e+07.png
35900000.0,0.0038860142868191814,0.005005484969126878,0.0027665436045114854,0.005321746703238845,0.0029654423506164365,0.013538354939795447,0.006886356796077382,1867,313,results_fitE_cantilever_fixedEnd\fb_surface_E_3.59e+07.png
37000000.0,0.0039326736262389125,0.005050796163456562,0.0028145510890212624,0.005363487411602303,0.0029952775803360693,0.013542647842655605,0.006911261316842672,1867,313,results_fitE_cantilever_fixedEnd\fb_surface_E_3.70e+07.png
38000000.0,0.004042758643453984,0.0051467992901723355,0.0029387179967356332,0.005453090021441783,0.003120727647638572,0.013546666370858534,0.006935638777775744,1867,313,results_fitE_cantilever_fixedEnd\fb_surface_E_3.80e+07.png
39000000.0,0.004195309145159384,0.005273367398920524,0.0031172508913982445,0.005569580239325428,0.0033013009904650174,0.01355020542232716,0.006959123790984237,1867,313,results_fitE_cantilever_fixedEnd\fb_surface_E_3.90e+07.png
40000000.0,0.004411013454299905,0.005459524424868153,0.0033625024837316574,0.005744642221228717,0.0035487454806180344,0.013553895553890284,0.006984117210951612,1867,311,results_fitE_cantilever_fixedEnd\fb_surface_E_4.00e+07.png
41000000.0,0.0046207823158345065,0.005633905532900985,0.0036076590987680285,0.005907592175870738,0.0037986574905813533,0.013557124714532688,0.007007827438892437,1867,311,results_fitE_cantilever_fixedEnd\fb_surface_E_4.10e+07.png
42000000.0,0.004868575556395046,0.00584235234897732,0.003894798763812773,0.006106416120974165,0.004095433555746097,0.013560527285132927,0.007417165784338479,1867,311,results_fitE_cantilever_fixedEnd\fb_surface_E_4.20e+07.png
43000000.0,0.005094404246883698,0.006034898972042142,0.004153909521725253,0.006294599387240549,0.004369237823558914,0.013563483873276605,0.00797039395157617,1867,311,results_fitE_cantilever_fixedEnd\fb_surface_E_4.30e+07.png
44000000.0,0.005319210209020446,0.00622938265458597,0.004409037763454922,0.006489041487044258,0.004644467927545749,0.013566319259904643,0.008498138283352283,1867,311,results_fitE_cantilever_fixedEnd\fb_surface_E_4.40e+07.png
45000000.0,0.005571131518121671,0.006450159545279823,0.004692103490963518,0.006714918036610992,0.004955899109578493,0.014056414072637673,0.009041107921951754,1867,311,results_fitE_cantilever_fixedEnd\fb_surface_E_4.50e+07.png
46000000.0,0.005788170001326757,0.006642438483972413,0.004933901518681101,0.00691572409841638,0.005226413816449601,0.01465705712148792,0.009517973048461248,1867,311,results_fitE_cantilever_fixedEnd\fb_surface_E_4.60e+07.png
47000000.0,0.006031924084147712,0.006860080343333819,0.005203767824961605,0.007147432146466104,0.005533075576151058,0.015330146346572439,0.010072808997670404,1867,311,results_fitE_cantilever_fixedEnd\fb_surface_E_4.70e+07.png
48000000.0,0.006237797594319628,0.007045214710238237,0.005430380478401019,0.007347667141824341,0.005793430344511264,0.015888168267185213,0.010544117924207107,1867,311,results_fitE_cantilever_fixedEnd\fb_surface_E_4.80e+07.png
49000000.0,0.006437637333909162,0.007225962683366304,0.00564931198445202,0.007545789383173451,0.006047213426690336,0.01642652384313532,0.011007954346893932,1867,311,results_fitE_cantilever_fixedEnd\fb_surface_E_4.90e+07.png
50000000.0,0.006664402698222948,0.00743197942230877,0.005896825974137127,0.0077748381014853705,0.006337032608551902,0.017040234499064177,0.011547705608030867,1867,311,results_fitE_cantilever_fixedEnd\fb_surface_E_5.00e+07.png
51000000.0,0.006852038466103117,0.0076031818837540704,0.006100895048452163,0.007967100484884257,0.006577249610793998,0.017540134345461766,0.011992335801029954,1867,311,results_fitE_cantilever_fixedEnd\fb_surface_E_5.10e+07.png
52000000.0,0.007033914072007602,0.007769603911630154,0.006298224232385049,0.00815571426388866,0.006810802180807231,0.01802268182797017,0.012426214559626968,1867,311,results_fitE_cantilever_fixedEnd\fb_surface_E_5.20e+07.png
53000000.0,0.0072435418564317094,0.007961965330132057,0.006525118382731362,0.008376124498672272,0.0070814298439591805,0.0185835338287937,0.01293726462045051,1867,311,results_fitE_cantilever_fixedEnd\fb_surface_E_5.30e+07.png
54000000.0,0.00741377053468786,0.008118661674807785,0.006708879394567935,0.008556750807730265,0.007301060253595786,0.019032195246619723,0.013348180587544285,1867,311,results_fitE_cantilever_fixedEnd\fb_surface_E_5.40e+07.png
55000000.0,0.00757862389210761,0.008270776655744534,0.006886471128470685,0.008733225544606855,0.007514011747030691,0.01946574283523172,0.013747859275343059,1867,311,results_fitE_cantilever_fixedEnd\fb_surface_E_5.50e+07.png
56000000.0,0.0077721878481329006,0.008449697250102018,0.007094678446163784,0.008942679886287443,0.007765318761308054,0.01998035169605712,0.014226963677768597,1867,311,results_fitE_cantilever_fixedEnd\fb_surface_E_5.60e+07.png
57000000.0,0.00792899574715501,0.008596053090844567,0.007261938403465452,0.009113693709894503,0.007968857463361253,0.020384255171273992,0.014603674269738435,1867,310,results_fitE_cantilever_fixedEnd\fb_surface_E_5.70e+07.png
58000000.0,0.00807871843829306,0.008734792338134595,0.007422644538451524,0.009277347518930612,0.00816326367066359,0.02077503709918488,0.014969696747793953,1867,310,results_fitE_cantilever_fixedEnd\fb_surface_E_5.80e+07.png
59000000.0,0.008258026890334592,0.008901218115062993,0.007614835665606193,0.009475230187794888,0.008397134165249523,0.021249426032057577,0.015410059869198054,1867,310,results_fitE_cantilever_fixedEnd\fb_surface_E_5.90e+07.png
60000000.0,0.008398207640047122,0.0090315895203883,0.007764825759705945,0.009630404144943892,0.008579276787540452,0.02161429108023323,0.015722547681189927,1867,310,results_fitE_cantilever_fixedEnd\fb_surface_E_6.00e+07.png
61000000.0,0.008534152965220226,0.009158184519925878,0.007910121410514576,0.0097816014100661,0.008756017552338359,0.021967754315071565,0.016027393465632957,1867,310,results_fitE_cantilever_fixedEnd\fb_surface_E_6.10e+07.png
62000000.0,0.008700638188498463,0.009313319541361938,0.00808795683563499,0.009968272727234976,0.008973678084928506,0.02240719873865819,0.016410708481343007,1867,310,results_fitE_cantilever_fixedEnd\fb_surface_E_6.20e+07.png
63000000.0,0.008828207975063946,0.00943236680609242,0.008224049144035472,0.010111429007918322,0.0091397576037906,0.02273795184478738,0.016699862143901595,1867,310,results_fitE_cantilever_fixedEnd\fb_surface_E_6.30e+07.png
64000000.0,0.008952013138016142,0.009548045629969422,0.008355980646062864,0.010250897834856113,0.009300938109253682,0.02305877070786055,0.016981767367192754,1867,310,results_fitE_cantilever_fixedEnd\fb_surface_E_6.40e+07.png
65000000.0,0.009107152265782237,0.009693082343389198,0.008521222188175274,0.010427045974528029,0.009504110217794536,0.023467823197518712,0.017344746197931152,1867,310,results_fitE_cantilever_fixedEnd\fb_surface_E_6.50e+07.png
66000000.0,0.009223480405745707,0.009801990794687868,0.008644970016803548,0.010559050228355757,0.009655700803195357,0.02376866992003465,0.017611809424932883,1867,310,results_fitE_cantilever_fixedEnd\fb_surface_E_6.60e+07.png
67000000.0,0.009336527128444492,0.00990790701519846,0.008765147241690523,0.010687687613906515,0.009803061437462379,0.024060830754441535,0.01787216405597712,1867,310,results_fitE_cantilever_fixedEnd\fb_surface_E_6.70e+07.png
68000000.0,0.009481696698772878,0.010043980981351208,0.008919412416194547,0.010854180374773608,0.009993473364358654,0.02444340196360742,0.018216126885130666,1867,310,results_fitE_cantilever_fixedEnd\fb_surface_E_6.80e+07.png
69000000.0,0.009588075040482948,0.010143837667841058,0.009032312413124839,0.010975966946820893,0.010132141942465108,0.024717924764220835,0.018462700931594897,1867,310,results_fitE_cantilever_fixedEnd\fb_surface_E_6.90e+07.png
70000000.0,0.00969155026061731,0.010241030921655162,0.009142069599579455,0.01109469467694396,0.010267050586671801,0.024984824343332674,0.018703145267900723,1867,310,results_fitE_cantilever_fixedEnd\fb_surface_E_7.00e+07.png
71000000.0,0.009792214696522372,0.010335657402125711,0.00924877199091903,0.011210459151258245,0.010398276389348378,0.025244407919451765,0.018937649509545632,1867,310,results_fitE_cantilever_fixedEnd\fb_surface_E_7.10e+07.png
72000000.0,0.009925465365511381,0.010460889664765747,0.009390041066257016,0.011364847519872897,0.010573297615042209,0.025595528393831085,0.019257440996514948,1867,310,results_fitE_cantilever_fixedEnd\fb_surface_E_7.20e+07.png
73000000.0,0.010020413199662343,0.010550263423431952,0.009490562975892734,0.011474530094093435,0.010697054446875397,0.02584006628164161,0.019479648183805362,1867,310,results_fitE_cantilever_fixedEnd\fb_surface_E_7.30e+07.png
74000000.0,0.010112882391032106,0.010637354598780301,0.009588410183283913,0.011581538721190486,0.010817570881041457,0.026078149594799545,0.019696470082815023,1867,310,results_fitE_cantilever_fixedEnd\fb_surface_E_7.40e+07.png
75000000.0,0.010202943291557917,0.010722247699706929,0.009683638883408906,0.01168596445628464,0.010934891640294646,0.026310026920792297,0.019908079379778537,1867,310,results_fitE_cantilever_fixedEnd\fb_surface_E_7.50e+07.png
76000000.0,0.010325906978537684,0.010838191901419263,0.009813622055656106,0.01182975485437875,0.01109630905206194,0.02663454706604385,0.020206545840412378,1867,310,results_fitE_cantilever_fixedEnd\fb_surface_E_7.60e+07.png
77000000.0,0.010410995399308065,0.010918533119211841,0.00990345767940429,0.011928823818844378,0.011207074806498888,0.026853490492813516,0.02040724898124966,1867,310,results_fitE_cantilever_fixedEnd\fb_surface_E_7.70e+07.png
78000000.0,0.010493951632320288,0.01099690608097497,0.009990997183665607,0.012025556245273374,0.01131504027621073,0.027066931101388435,0.02060323960133948,1867,310,results_fitE_cantilever_fixedEnd\fb_surface_E_7.80e+07.png
79000000.0,0.010574884548480394,0.011073385228782795,0.010076383868177994,0.012120034459985185,0.011420390764397095,0.027275071452418018,0.02079466928528886,1867,310,results_fitE_cantilever_fixedEnd\fb_surface_E_7.90e+07.png
80000000.0,0.01068917840405818,0.011181342194335364,0.010197014613780997,0.012254572228430783,0.011570552159404009,0.02757698246970578,0.021074467856817276,1867,310,results_fitE_cantilever_fixedEnd\fb_surface_E_8.00e+07.png
81000000.0,0.010765849661161446,0.01125385286314511,0.010277846459177785,0.012344322036513327,0.011670378903109216,0.02777392135962846,0.02125623579173603,1867,310,results_fitE_cantilever_fixedEnd\fb_surface_E_8.10e+07.png
82000000.0,0.010840713745840095,0.011324666678037892,0.010356760813642297,0.012432036099640907,0.011767868696333703,0.027969980992966145,0.021433881598807915,1867,310,results_fitE_cantilever_fixedEnd\fb_surface_E_8.20e+07.png
83000000.0,0.010913808371787088,0.011393839065406178,0.010433777678167996,0.012517776146527253,0.011863032134385484,0.028161621603985585,0.021607536152561106,1867,310,results_fitE_cantilever_fixedEnd\fb_surface_E_8.30e+07.png
84000000.0,0.01102066884717857,0.011494915220334684,0.010546422474022455,0.012644249306771632,0.012003548539157237,0.028451967181657333,0.021871055031511828,1867,310,results_fitE_cantilever_fixedEnd\fb_surface_E_8.40e+07.png
85000000.0,0.011090023126224712,0.011560598473377813,0.010619447779071613,0.012725790015346544,0.012093836198159435,0.028633540235613604,0.0220361377185373,1867,310,results_fitE_cantilever_fixedEnd\fb_surface_E_8.50e+07.png
86000000.0,0.011157792888797702,0.011624801246889981,0.010690784530705422,0.012805539685504458,0.012182085479192186,0.028810928061656985,0.02219760957703805,1867,310,results_fitE_cantilever_fixedEnd\fb_surface_E_8.60e+07.png
87000000.0,0.01122404821438486,0.01168757749416517,0.010760518934604548,0.012883561182254874,0.012268375492044932,0.028984273100284536,0.02235558279642035,1867,310,results_fitE_cantilever_fixedEnd\fb_surface_E_8.70e+07.png
88000000.0,0.011324535784634228,0.011782702531733706,0.010866369037534749,0.013002998511055127,0.012400724328727944,0.02925753116603561,0.022604932210455002,1867,310,results_fitE_cantilever_fixedEnd\fb_surface_E_8.80e+07.png
89000000.0,0.01138752910659295,0.0118424069579251,0.010932651255260802,0.013077294252828026,0.012482779315869916,0.0294220493813107,0.022755278930054152,1867,310,results_fitE_cantilever_fixedEnd\fb_surface_E_8.90e+07.png
90000000.0,0.011449154868821287,0.01190082697990795,0.010997482757734624,0.013150026597175837,0.012563055568518087,0.02958293990317592,0.0229024552471721,1867,310,results_fitE_cantilever_fixedEnd\fb_surface_E_9.00e+07.png
91000000.0,0.011509458612751228,0.01195799960435547,0.011060917621146986,0.013221238892040903,0.012641618217701812,0.029740320981209788,0.02304655709361964,1867,310,results_fitE_cantilever_fixedEnd\fb_surface_E_9.10e+07.png
92000000.0,0.011568476363917477,0.012013964667588818,0.011122988060246138,0.013290977415143072,0.012718504208449633,0.02989430579633799,0.023187676784186456,1867,310,results_fitE_cantilever_fixedEnd\fb_surface_E_9.20e+07.png
93000000.0,0.011661863630997067,0.012102440449563592,0.011221286812430542,0.013402457510378584,0.012841655932002895,0.030148513380758423,0.023420880848571614,1867,310,results_fitE_cantilever_fixedEnd\fb_surface_E_9.30e+07.png
94000000.0,0.011718068220412017,0.012155763481471763,0.011280372959352272,0.013468967804583825,0.012914864784101837,0.03029494359332145,0.023555381626022102,1867,310,results_fitE_cantilever_fixedEnd\fb_surface_E_9.40e+07.png
95000000.0,0.011773108445759132,0.012207990893276998,0.011338225998241266,0.013534137388972868,0.01298655420823874,0.030438311464085207,0.02368717294021655,1867,310,results_fitE_cantilever_fixedEnd\fb_surface_E_9.50e+07.png
96000000.0,0.011827024733674545,0.012259157883033741,0.011394891584315349,0.013598007313598576,0.013056784639195143,0.03057871177817443,0.023816333789864207,1867,310,results_fitE_cantilever_fixedEnd\fb_surface_E_9.60e+07.png
97000000.0,0.011879851342711233,0.012309295916704559,0.011450406768717907,0.013660614201911798,0.013125600644566455,0.03071623545706009,0.02394294025263682,1867,310,results_fitE_cantilever_fixedEnd\fb_surface_E_9.70e+07.png
98000000.0,0.011967221951045803,0.012392129151111125,0.01154231475098048,0.013765298631648801,0.013240944736257735,0.030954449923603387,0.024162417456540217,1867,310,results_fitE_cantilever_fixedEnd\fb_surface_E_9.80e+07.png
99000000.0,0.012017602826626592,0.01243996714159245,0.011595238511660734,0.013825076590227052,0.013306560074300863,0.031085448382842825,0.024283244570826767,1867,310,results_fitE_cantilever_fixedEnd\fb_surface_E_9.90e+07.png
