E,mean,gt_to_sim_mean,sim_to_gt_mean,gt_to_sim_rmse,sim_to_gt_rmse,gt_to_sim_max,sim_to_gt_max,num_gt,num_sim,screenshot
1000000.0,0.042262500862201326,0.06539336881951316,0.019131632904889496,0.0791835060086891,0.023737512948731297,0.1483637985652262,0.04547363064003824,1218,134,results_fitE_flying_carpet\fb_surface_E_1.00e+06.png
2000000.0,0.03735428423564496,0.057272775959076413,0.01743579251221352,0.07032129906159854,0.021962404792860536,0.13642679527879004,0.04444904024319067,1218,150,results_fitE_flying_carpet\fb_surface_E_2.00e+06.png
3000000.0,0.03380556363620103,0.051306026304886995,0.016305100967515078,0.06368335025863009,0.02069568597984785,0.12663580942075364,0.04299630849051719,1218,163,results_fitE_flying_carpet\fb_surface_E_3.00e+06.png
4000000.0,0.030874574260301654,0.046263399205443916,0.015485749315159393,0.05796608064082118,0.019740747533238776,0.11734221406364,0.04080146147718163,1218,177,results_fitE_flying_carpet\fb_surface_E_4.00e+06.png
5000000.0,0.02847753483607917,0.041717634818680065,0.015237434853478272,0.05267599237924367,0.01944918055877342,0.10940806617763067,0.039820126717904435,1218,193,results_fitE_flying_carpet\fb_surface_E_5.00e+06.png
6000000.0,0.026145198331017545,0.037622256006946776,0.014668140655088313,0.04784027851498299,0.018751818903141617,0.10215083054170052,0.03846571563699179,1218,206,results_fitE_flying_carpet\fb_surface_E_6.00e+06.png
7000000.0,0.02399682112183117,0.03389982477466423,0.014093817468998113,0.04335631299975213,0.01799885428426073,0.09346741322300509,0.03650041332411668,1218,219,results_fitE_flying_carpet\fb_surface_E_7.00e+06.png
8000000.0,0.022009174821989875,0.03048502641220059,0.01353332323177916,0.039155794925670374,0.017250272707882933,0.0875399956319171,0.03522043609014604,1218,232,results_fitE_flying_carpet\fb_surface_E_8.00e+06.png
9000000.0,0.020203556971852207,0.027331022516808436,0.013076091426895982,0.03517911845138652,0.016657308346871975,0.07951313469382867,0.03473259842232393,1218,247,results_fitE_flying_carpet\fb_surface_E_9.00e+06.png
10000000.0,0.0184958695371917,0.02451061291897588,0.012481126155407522,0.031598628255146824,0.01589201663337681,0.0727275000864337,0.0333981055362496,1218,259,results_fitE_flying_carpet\fb_surface_E_1.00e+07.png
11000000.0,0.01686266950749983,0.021806836625619132,0.01191850238938053,0.028031050292206837,0.01516950028319832,0.06682260332789405,0.03224915997699703,1218,271,results_fitE_flying_carpet\fb_surface_E_1.10e+07.png
12000000.0,0.015501006586053238,0.019459300806407533,0.011542712365698945,0.024939058330357557,0.014661295271281561,0.060417489745116605,0.03048677167594251,1218,286,results_fitE_flying_carpet\fb_surface_E_1.20e+07.png
13000000.0,0.014198768748427393,0.017257597316297866,0.011139940180556923,0.021945962599134828,0.01411495192556559,0.05405359037512571,0.029296604827289796,1218,301,results_fitE_flying_carpet\fb_surface_E_1.30e+07.png
14000000.0,0.01287532459645651,0.015356794183976664,0.010393855008936356,0.019360965630975318,0.013132164418218437,0.04801716645081108,0.02714820274039564,1218,310,results_fitE_flying_carpet\fb_surface_E_1.40e+07.png
15000000.0,0.011781560307204005,0.013592143057766919,0.009970977556641092,0.016905524160826402,0.012555948960102863,0.042698137387921165,0.025876134730661624,1218,325,results_fitE_flying_carpet\fb_surface_E_1.50e+07.png
16000000.0,0.010733818698261302,0.012074014774295148,0.009393622622227458,0.014813631885267952,0.011782682398930983,0.03536357501189427,0.024226856845346305,1218,337,results_fitE_flying_carpet\fb_surface_E_1.60e+07.png
17000000.0,0.009801112904353006,0.01066824726864898,0.008933978540057032,0.012865483862251283,0.011149153235325627,0.02812607587062377,0.023230291382059388,1218,353,results_fitE_flying_carpet\fb_surface_E_1.70e+07.png
18000000.0,0.00886706705709376,0.009586690778984656,0.008147443335202864,0.011444761791609817,0.010111876692311953,0.02592892470708378,0.021736935544478236,1218,359,results_fitE_flying_carpet\fb_surface_E_1.80e+07.png
19000000.0,0.008141039966450018,0.008597223928941317,0.00768485600395872,0.010127757403705879,0.009482632737412969,0.02152546888907117,0.020377819593914062,1218,374,results_fitE_flying_carpet\fb_surface_E_1.90e+07.png
20000000.0,0.007276149385212675,0.007742340259009436,0.0068099585114159145,0.009007190572517854,0.008332218805281155,0.01921353500784685,0.018326564680281817,1218,374,results_fitE_flying_carpet\fb_surface_E_2.00e+07.png
21000000.0,0.006465285002420518,0.006942258640214304,0.005988311364626731,0.007956854576533418,0.007244109397864624,0.017004243514005323,0.01618676573408111,1218,374,results_fitE_flying_carpet\fb_surface_E_2.10e+07.png
22000000.0,0.00577183643198286,0.006260886744004013,0.005282786119961707,0.007065403897137531,0.006306752495158025,0.015069073821865089,0.014315552734419472,1218,374,results_fitE_flying_carpet\fb_surface_E_2.20e+07.png
23000000.0,0.005155107842706811,0.005656944527264075,0.004653271158149547,0.006280199234980489,0.005464719027253037,0.013290205857371024,0.012608049219125802,1218,375,results_fitE_flying_carpet\fb_surface_E_2.30e+07.png
24000000.0,0.004578090049840007,0.005095343006076304,0.00406083709360371,0.005559159654212394,0.004674783209507534,0.01155421889092242,0.010959160139379361,1218,375,results_fitE_flying_carpet\fb_surface_E_2.40e+07.png
25100000.0,0.004061223231127465,0.0045971549377138024,0.0035252915245411283,0.004935545256004591,0.003965892394625676,0.010130256966421274,0.00941248163802715,1218,375,results_fitE_flying_carpet\fb_surface_E_2.51e+07.png
25200000.0,0.004018412869118858,0.004556167226833105,0.0034806585114046116,0.004885241990182187,0.003907230095336474,0.010032299959326207,0.009280001619360323,1218,375,results_fitE_flying_carpet\fb_surface_E_2.52e+07.png
25300000.0,0.003976282011823028,0.00451590428783063,0.0034366597358154263,0.0048360196469133315,0.0038494920135173816,0.00993627388836131,0.009148857977134559,1218,375,results_fitE_flying_carpet\fb_surface_E_2.53e+07.png
25400000.0,0.003934863659444024,0.004476368937344373,0.0033933583815436747,0.004787882581901278,0.00379277323339981,0.009842179423548465,0.009019048131502522,1218,375,results_fitE_flying_carpet\fb_surface_E_2.54e+07.png
25500000.0,0.003894135377366893,0.004437550458911316,0.003350720295822469,0.0047408200631298995,0.0037370218865059174,0.00975001725625826,0.008890569981175192,1218,375,results_fitE_flying_carpet\fb_surface_E_2.55e+07.png
25600000.0,0.0038541202762855226,0.004399455664247577,0.003308784888323468,0.004694837138124429,0.003682304710255156,0.00965978808496067,0.008763421930676493,1218,375,results_fitE_flying_carpet\fb_surface_E_2.56e+07.png
25700000.0,0.00381481596547105,0.004362095193345126,0.0032675367375969737,0.004649945971483485,0.0036286124061031943,0.00957149258520083,0.008637602890983611,1218,375,results_fitE_flying_carpet\fb_surface_E_2.57e+07.png
25800000.0,0.0037762142109867094,0.0043254668214331325,0.0032269616005402863,0.004606141732544945,0.0035759182787773883,0.009485131382764429,0.008513112300575639,1218,375,results_fitE_flying_carpet\fb_surface_E_2.58e+07.png
25900000.0,0.0037383083781371493,0.004289573509835389,0.00318704324643891,0.004563426155344765,0.0035242182937601633,0.009400705014136077,0.008389950122242643,1218,375,results_fitE_flying_carpet\fb_surface_E_2.59e+07.png
26000000.0,0.0037011128183621843,0.004254416449822967,0.003147809186901402,0.004521800368471996,0.0034735556500520744,0.009318213912703134,0.008268116879367678,1218,375,results_fitE_flying_carpet\fb_surface_E_2.60e+07.png
26100000.0,0.003664662411159928,0.004220006586917271,0.0031093182354025857,0.004481273464987972,0.0034239961006038216,0.009237658363821611,0.008147613642468845,1218,375,results_fitE_flying_carpet\fb_surface_E_2.61e+07.png
26200000.0,0.0036289558704477192,0.00418634797986153,0.003071563761033909,0.004441846880466236,0.003375533289631001,0.00915903848362392,0.008028442066984236,1218,375,results_fitE_flying_carpet\fb_surface_E_2.62e+07.png
26300000.0,0.003593972116091067,0.004153445057117876,0.0030344991750642578,0.004403521857863203,0.00332812749509336,0.009082354182858136,0.00791060439611402,1218,375,results_fitE_flying_carpet\fb_surface_E_2.63e+07.png
26400000.0,0.0035597144441528125,0.004121302618805593,0.002998126269500032,0.004366299425246457,0.003281805403327815,0.009007605142561584,0.007794103482430326,1218,375,results_fitE_flying_carpet\fb_surface_E_2.64e+07.png
26500000.0,0.003526223237621042,0.004089912560434729,0.0029625339148073547,0.004330160001172709,0.003236636112381418,0.008934790763185901,0.0076789427889038435,1218,375,results_fitE_flying_carpet\fb_surface_E_2.65e+07.png
26600000.0,0.0034935056821224723,0.004059286093888751,0.0029277252703561935,0.004295116922878451,0.003192615593710459,0.008863910157946488,0.007565126430321494,1218,375,results_fitE_flying_carpet\fb_surface_E_2.66e+07.png
26700000.0,0.003461569284879156,0.004029436321523734,0.002893702248234579,0.004261178065769798,0.003149736825415646,0.008794962097998188,0.0074526591644643895,1218,375,results_fitE_flying_carpet\fb_surface_E_2.67e+07.png
26800000.0,0.0034304247053734364,0.004000367923598623,0.002860481487148249,0.0042283416636474894,0.0031080401489996363,0.008775677327010541,0.007341546431923631,1218,375,results_fitE_flying_carpet\fb_surface_E_2.68e+07.png
26900000.0,0.003400066377389398,0.003972080791743001,0.002828051963035795,0.0041966003243702294,0.0030675231011676202,0.008775599562119245,0.007231794347599634,1218,375,results_fitE_flying_carpet\fb_surface_E_2.69e+07.png
27000000.0,0.0033705233613620404,0.003944582849197803,0.002796463873526278,0.004165953788099329,0.003028227222308153,0.008775522024159018,0.007123409744315219,1218,375,results_fitE_flying_carpet\fb_surface_E_2.70e+07.png
27100000.0,0.003319047794610828,0.003896609525418476,0.0027414860638031798,0.004113098421562136,0.002960527510344672,0.00877540237118431,0.006933117414649401,1218,375,results_fitE_flying_carpet\fb_surface_E_2.71e+07.png
27200000.0,0.00329168358107289,0.0038712540481286384,0.0027121131140171416,0.004085417968874681,0.002924497606088726,0.00877532511738542,0.006828245696015627,1218,375,results_fitE_flying_carpet\fb_surface_E_2.72e+07.png
27300000.0,0.0032651414153801036,0.003846718543090288,0.00268356428766992,0.004058837086141078,0.0028897094305677115,0.00877524809794845,0.006724783394342886,1218,375,results_fitE_flying_carpet\fb_surface_E_2.73e+07.png
27400000.0,0.003239451133452925,0.003823005904800973,0.0026558963621048774,0.0040333497451470555,0.0028562037544863595,0.008775171313999026,0.006700851410440993,1218,375,results_fitE_flying_carpet\fb_surface_E_2.74e+07.png
27500000.0,0.003214623470256716,0.003800126613400519,0.0026291203271129127,0.004008960120456644,0.0028239924489874475,0.008775094766574842,0.006701788662923833,1218,375,results_fitE_flying_carpet\fb_surface_E_2.75e+07.png
27600000.0,0.003190660023785297,0.0037780796849902335,0.0026032403625803613,0.003985655827268465,0.002793081182063404,0.008775018456669736,0.006702719878614033,1218,375,results_fitE_flying_carpet\fb_surface_E_2.76e+07.png
27700000.0,0.003167579393274216,0.0037568731006683213,0.0025782856858801106,0.003963435991323613,0.002763501454390545,0.00877494238520742,0.006703645114104457,1218,375,results_fitE_flying_carpet\fb_surface_E_2.77e+07.png
27800000.0,0.0031453924257446196,0.00373651653580083,0.0025542683156884096,0.003942300842851581,0.0027352643592185996,0.008774866553019517,0.006704564425234004,1218,375,results_fitE_flying_carpet\fb_surface_E_2.78e+07.png
27900000.0,0.003124107374046852,0.0037170134496266926,0.002531201298467012,0.0039222412466902775,0.002708380094963983,0.00877479096098035,0.006705477867458963,1218,375,results_fitE_flying_carpet\fb_surface_E_2.79e+07.png
28000000.0,0.003103674571418114,0.003698369196045278,0.0025089799467909496,0.0039032500252460978,0.0026826835097320217,0.008774715609793808,0.006706385495270756,1218,375,results_fitE_flying_carpet\fb_surface_E_2.80e+07.png
28100000.0,0.003084108448112333,0.003680588801956098,0.002487628094268568,0.0038853188445212876,0.002658223230541816,0.00877464050018059,0.00670728736263341,1218,375,results_fitE_flying_carpet\fb_surface_E_2.81e+07.png
28200000.0,0.0030654695351936545,0.003663678082130366,0.0024672609882569435,0.0038684414251799466,0.0026351323285281605,0.008774565632774966,0.006708183522942638,1218,375,results_fitE_flying_carpet\fb_surface_E_2.82e+07.png
28300000.0,0.0030477425192603795,0.003647643374254088,0.0024478416642666704,0.003852609799737375,0.0026132962496486544,0.008774491008138364,0.006709074028702053,1218,375,results_fitE_flying_carpet\fb_surface_E_2.83e+07.png
28400000.0,0.003030972027934669,0.00363249702814309,0.0024294470277262488,0.003837821882104193,0.0025928440735566083,0.008774416626891749,0.006709958932187097,1218,375,results_fitE_flying_carpet\fb_surface_E_2.84e+07.png
28500000.0,0.003015176287696997,0.0036182477072760457,0.0024121048681179477,0.003824068053684765,0.002573778984320552,0.008774342489484374,0.006710838284650548,1218,375,results_fitE_flying_carpet\fb_surface_E_2.85e+07.png
28600000.0,0.0030003416630340995,0.00360490550155147,0.002395777824516729,0.003811335876960094,0.00255601232920463,0.00877426859637615,0.00671171213693827,1218,375,results_fitE_flying_carpet\fb_surface_E_2.86e+07.png
28700000.0,0.0029864560440964767,0.0035924925899233906,0.002380419498269563,0.0037996191244003604,0.002539435005448005,0.008774194947977118,0.0067125805393391,1218,375,results_fitE_flying_carpet\fb_surface_E_2.87e+07.png
28800000.0,0.0029736224245588416,0.0035810380922076794,0.002366206756910004,0.003788907223587704,0.0025241579671678597,0.00877412154464024,0.006713443541402105,1218,375,results_fitE_flying_carpet\fb_surface_E_2.88e+07.png
28900000.0,0.0029619159685354704,0.003570573502910167,0.0023532584341607733,0.003779189056663054,0.0025101959597135064,0.00877404838671755,0.00671430119228871,1218,375,results_fitE_flying_carpet\fb_surface_E_2.89e+07.png
29000000.0,0.0029513784934494646,0.003561102083326932,0.002341654903571997,0.0037704524809991434,0.002497604199330295,0.008773975474453459,0.006715153540321892,1218,375,results_fitE_flying_carpet\fb_surface_E_2.90e+07.png
29100000.0,0.0029419539329972235,0.003552597409059481,0.002331310456934966,0.0037626771204231583,0.0024863553876031054,0.008773902808101502,0.0067160006334855025,1218,375,results_fitE_flying_carpet\fb_surface_E_2.91e+07.png
29200000.0,0.002933553914050535,0.003545050210867031,0.002322057617234039,0.0037558591703522235,0.0024763414966645233,0.008773830387889649,0.006716842519193398,1218,375,results_fitE_flying_carpet\fb_surface_E_2.92e+07.png
29300000.0,0.0029262298425187265,0.0035384526710556625,0.0023140070139817904,0.0037499854955201227,0.0024676687980155314,0.00877375821393109,0.006717679244067331,1218,375,results_fitE_flying_carpet\fb_surface_E_2.93e+07.png
29400000.0,0.0029199772297115803,0.0035327999936487736,0.0023071544657743874,0.0037450425032925366,0.0024603282323517957,0.00877368628638942,0.006718510854510045,1218,375,results_fitE_flying_carpet\fb_surface_E_2.94e+07.png
29500000.0,0.0029147908004028464,0.003528088323290093,0.0023014932775156,0.003741016168802424,0.0024543021602004716,0.00877361460536237,0.006719337396166484,1218,375,results_fitE_flying_carpet\fb_surface_E_2.95e+07.png
29600000.0,0.0029106575853902637,0.0035243056920122736,0.0022970094787682534,0.0037378815802371164,0.0024495691799718802,0.008773543170886623,0.0067201589143046974,1218,375,results_fitE_flying_carpet\fb_surface_E_2.96e+07.png
29700000.0,0.0029075233964050433,0.0035214440544342517,0.002293602738375835,0.00373561896781411,0.0024460362817617346,0.0087734719829734,0.0067209754533807285,1218,375,results_fitE_flying_carpet\fb_surface_E_2.97e+07.png
29800000.0,0.002905422806541115,0.0035195084909504138,0.0022913371221318164,0.0037342223019931294,0.0024437312958683404,0.008773401041662852,0.006721787057773026,1218,375,results_fitE_flying_carpet\fb_surface_E_2.98e+07.png
29900000.0,0.0029043791168053405,0.0035185026149159256,0.0022902556186947553,0.0037336830118324268,0.002442662351273302,0.00877333034687104,0.006722593770930303,1218,375,results_fitE_flying_carpet\fb_surface_E_2.99e+07.png
30000000.0,0.0029044004460450773,0.0035184177670226865,0.0022903831250674677,0.00373397844959226,0.0024428253853954673,0.008773259898556466,0.006723395636200705,1218,375,results_fitE_flying_carpet\fb_surface_E_3.00e+07.png
30100000.0,0.00290548450271424,0.0035192454248967795,0.0022917235805317,0.0037350899138690065,0.0024441969680169184,0.008773189696628457,0.006724192696068746,1218,375,results_fitE_flying_carpet\fb_surface_E_3.01e+07.png
30200000.0,0.0029076327762755177,0.003520988339180977,0.002294277213370058,0.003737009641483514,0.0024467523378575093,0.008773119740928573,0.0067249849927578445,1218,375,results_fitE_flying_carpet\fb_surface_E_3.02e+07.png
30300000.0,0.002910839641959994,0.0035236398561444347,0.002298039427775553,0.003739722565944966,0.0024504655181395146,0.008773050031342355,0.006725772567987938,1218,375,results_fitE_flying_carpet\fb_surface_E_3.03e+07.png
30400000.0,0.0029150954522687428,0.0035271899529249555,0.00230300095161253,0.003743212002529652,0.0024553094379088326,0.008772980567647231,0.006726555462895324,1218,375,results_fitE_flying_carpet\fb_surface_E_3.04e+07.png
30500000.0,0.0029203779829383774,0.0035316269295910573,0.002309129036285697,0.0037474611154351962,0.0024612312435629492,0.008772911349679046,0.006727333718290142,1218,375,results_fitE_flying_carpet\fb_surface_E_3.05e+07.png
30600000.0,0.002933258883833445,0.0035426646126971075,0.0023238531549697825,0.003757718679338142,0.002475183645953749,0.00877278782890478,0.006728710764750587,1218,375,results_fitE_flying_carpet\fb_surface_E_3.06e+07.png
30700000.0,0.0029413698475067216,0.0035497063505924185,0.0023330333444210247,0.0037641699254020605,0.0024839000790028575,0.008772719028977966,0.006729478392840436,1218,375,results_fitE_flying_carpet\fb_surface_E_3.07e+07.png
30800000.0,0.0029504391280403795,0.003557578441643202,0.002343299814437557,0.0037713151209805063,0.00249359438714824,0.008772650476132154,0.006730241506623118,1218,375,results_fitE_flying_carpet\fb_surface_E_3.08e+07.png
30900000.0,0.0029604481422889455,0.0035662646706067966,0.0023546316139710943,0.0037791394592321358,0.0025042264372798838,0.008772582170064819,0.006731000145097231,1218,375,results_fitE_flying_carpet\fb_surface_E_3.09e+07.png
31000000.0,0.002971369234599917,0.0035757423474485116,0.0023669961217513222,0.0037876214700959462,0.002515756026142627,0.008772514110393734,0.006731754346703219,1218,375,results_fitE_flying_carpet\fb_surface_E_3.10e+07.png
31100000.0,0.002983156982474546,0.003585990611082289,0.002380323353866803,0.003796743401980206,0.0025280948414197263,0.008772446296773479,0.006732504149612984,1218,375,results_fitE_flying_carpet\fb_surface_E_3.11e+07.png
31200000.0,0.0029958065041615833,0.0035969918705092666,0.0023946211378139005,0.003806492865687866,0.0025412552323596407,0.008772378728781399,0.006733249591334278,1218,375,results_fitE_flying_carpet\fb_surface_E_3.12e+07.png
31300000.0,0.0030093110860055076,0.00360871958601094,0.002409902586000075,0.0038168487111345326,0.0025552598317961535,0.008772311406022871,0.006733990709196669,1218,375,results_fitE_flying_carpet\fb_surface_E_3.13e+07.png
31400000.0,0.0030236428365117097,0.003621153349578662,0.0024261323234447576,0.0038277975019554607,0.0025700776212582784,0.008772244328062905,0.006734727539918099,1218,375,results_fitE_flying_carpet\fb_surface_E_3.14e+07.png
31500000.0,0.0030387685114090586,0.0036342669488057984,0.002443270074012319,0.0038393217416498684,0.0025856778202497832,0.008772177494409315,0.006735460119887889,1218,375,results_fitE_flying_carpet\fb_surface_E_3.15e+07.png
31600000.0,0.003054650820946738,0.0036480311353810687,0.0024612705065124073,0.0038514027095576807,0.002602029962680927,0.008772110904639438,0.006736188485160986,1218,375,results_fitE_flying_carpet\fb_surface_E_3.16e+07.png
31700000.0,0.003071252656384737,0.0036624205339207574,0.0024800847788487164,0.003864027098773788,0.002619103976325223,0.008772044558266768,0.00673691267142069,1218,375,results_fitE_flying_carpet\fb_surface_E_3.17e+07.png
31800000.0,0.0030885079148861884,0.0036774062726562745,0.0024996095571161022,0.0038771785271266707,0.002636818861311492,0.008771978454766963,0.006737632713673431,1218,375,results_fitE_flying_carpet\fb_surface_E_3.18e+07.png
31900000.0,0.00310640464851403,0.003692959814746862,0.0025198494822811974,0.00389084081914509,0.0026551979052348127,0.008771912593630159,0.006738348646864138,1218,375,results_fitE_flying_carpet\fb_surface_E_3.19e+07.png
32000000.0,0.003124905794635215,0.0037090534064743844,0.0025407581827960454,0.003904998013504362,0.0026742125886854737,0.008771846974311617,0.006739060505377642,1218,375,results_fitE_flying_carpet\fb_surface_E_3.20e+07.png
32100000.0,0.003143974286776272,0.00372565637875457,0.0025622921947979736,0.0039196290023857565,0.0026938349968179424,0.008771781596298118,0.006739768323417374,1218,375,results_fitE_flying_carpet\fb_surface_E_3.21e+07.png
32200000.0,0.0031635328408647413,0.003742746537051503,0.0025843191446779795,0.003934723276344493,0.0027139738519168705,0.008771716458988102,0.006740472134526433,1218,375,results_fitE_flying_carpet\fb_surface_E_3.22e+07.png
32300000.0,0.0031835786291552707,0.003760299283716015,0.0026068579745945264,0.0039502661757345875,0.002734641955026787,0.008771651561823177,0.0067411719720198845,1218,375,results_fitE_flying_carpet\fb_surface_E_3.23e+07.png
32400000.0,0.003204100163935836,0.0037782901093593516,0.0026299102185123207,0.00396624272368183,0.0027558398110113214,0.008771586904241119,0.006741867869081644,1218,375,results_fitE_flying_carpet\fb_surface_E_3.24e+07.png
32500000.0,0.0032250663003675663,0.003796694740015005,0.002653437860720128,0.0039826382058707815,0.002777542243994062,0.00877152248560116,0.006742559858104203,1218,375,results_fitE_flying_carpet\fb_surface_E_3.25e+07.png
32600000.0,0.0032464454723962173,0.003815488566308696,0.002677402378483739,0.003999437608925838,0.002799724813344916,0.008771458305314958,0.006743247971452938,1218,375,results_fitE_flying_carpet\fb_surface_E_3.26e+07.png
32700000.0,0.0032682044106769883,0.0038346438147071863,0.0027017650066467904,0.004016622067545427,0.002822363816262752,0.008771394362737805,0.006743932241007253,1218,375,results_fitE_flying_carpet\fb_surface_E_3.27e+07.png
32800000.0,0.0032903097936766673,0.0038541416186416368,0.002726477968711698,0.004034183213176509,0.0028454226748352673,0.008771330657258195,0.006744612698321933,1218,375,results_fitE_flying_carpet\fb_surface_E_3.28e+07.png
32900000.0,0.00331271882208711,0.0038739594155926538,0.002751478228581566,0.004052107465313035,0.0028688612109652803,0.008771267188222888,0.006745289374664197,1218,375,results_fitE_flying_carpet\fb_surface_E_3.29e+07.png
33000000.0,0.0033353614804551924,0.003894075706475093,0.002776647254435291,0.0040703815375275785,0.002892611738204702,0.008771203954959695,0.006745962300955638,1218,375,results_fitE_flying_carpet\fb_surface_E_3.30e+07.png
33100000.0,0.0033582645546651746,0.003914470174330496,0.0028020589349998536,0.004088992436313122,0.002916721581730581,0.008771140956821263,0.006746631507722931,1218,375,results_fitE_flying_carpet\fb_surface_E_3.31e+07.png
33200000.0,0.003381413014023837,0.003935120648489776,0.002827705379557898,0.00410792446412504,0.002941183398792613,0.008771078193119581,0.00674729702526488,1218,375,results_fitE_flying_carpet\fb_surface_E_3.32e+07.png
33300000.0,0.0034047859275375568,0.003956011577775466,0.0028535602772996474,0.00412716756359834,0.002965977892450551,0.00877101566317199,0.006747958883419476,1218,375,results_fitE_flying_carpet\fb_surface_E_3.33e+07.png
33400000.0,0.003428362133109899,0.003977126938930898,0.0028795973272888998,0.0041467104234705725,0.0029910832326436303,0.008770953366298085,0.006748617111942387,1218,375,results_fitE_flying_carpet\fb_surface_E_3.34e+07.png
33500000.0,0.0034521051433161892,0.00399845091962062,0.0029057593670117586,0.004166541236278048,0.0030164361711058707,0.008770891301775493,0.006749271739934382,1218,375,results_fitE_flying_carpet\fb_surface_E_3.35e+07.png
33600000.0,0.0034760101839517816,0.004019968651226803,0.0029320517166767602,0.004186648495204554,0.0030420515991695,0.008770829468906125,0.006749922796524786,1218,375,results_fitE_flying_carpet\fb_surface_E_3.36e+07.png
33700000.0,0.0035000683269746933,0.00404166612487259,0.002958470529076796,0.004207020984972498,0.003067931013167035,0.008770767866971991,0.00675057031038085,1218,375,results_fitE_flying_carpet\fb_surface_E_3.37e+07.png
33800000.0,0.003524264680245465,0.00406353012522411,0.0029849992352668207,0.004227647781907628,0.003094058501550325,0.008770706495252408,0.006751214309860512,1218,375,results_fitE_flying_carpet\fb_surface_E_3.38e+07.png
33900000.0,0.0035485853995616415,0.004085548171938539,0.0030116226271847436,0.004248518253500337,0.0031204187880875625,0.008770645352997363,0.0067518548230744695,1218,375,results_fitE_flying_carpet\fb_surface_E_3.39e+07.png
34000000.0,0.0035730002803297497,0.004107708460696339,0.0030382920999631603,0.004269622050411779,0.003146971315953078,0.008770584439483144,0.006752491877800885,1218,375,results_fitE_flying_carpet\fb_surface_E_3.40e+07.png
34100000.0,0.003597477331457529,0.004129999820749382,0.003064954842165676,0.004290949107734762,0.0031736542289241337,0.008770523753964901,0.0067531255015542925,1218,375,results_fitE_flying_carpet\fb_surface_E_3.41e+07.png
34200000.0,0.0036220174055087164,0.004152410907352646,0.003091623903664787,0.004312488608587579,0.0032004719634295057,0.008770463295674933,0.0067537557215019434,1218,375,results_fitE_flying_carpet\fb_surface_E_3.42e+07.png
34300000.0,0.0036764334724636886,0.004202589296729799,0.0031502776481975784,0.004361506903116444,0.003260526362444078,0.008770338244341256,0.00675498262116194,1218,375,results_fitE_flying_carpet\fb_surface_E_3.43e+07.png
34400000.0,0.0037012700272436748,0.004225407079844537,0.003177132974642813,0.004383766474350743,0.00328796287141899,0.008770278236967584,0.0067556047320310566,1218,375,results_fitE_flying_carpet\fb_surface_E_3.44e+07.png
34500000.0,0.003726141044085562,0.004248307001986279,0.0032039750861848453,0.004406202303990862,0.0033154989486411926,0.008770218455780715,0.006756223524671125,1218,375,results_fitE_flying_carpet\fb_surface_E_3.45e+07.png
34600000.0,0.0037510407166738606,0.0042712809490405455,0.0032308004843071753,0.004428805897653851,0.0033431301813103024,0.008770158899988953,0.006756839025170777,1218,375,results_fitE_flying_carpet\fb_surface_E_3.46e+07.png
34700000.0,0.0037759685415533766,0.004294321217482087,0.003257615865624666,0.004451569012216442,0.0033708651469977,0.008770099568787658,0.006757451259336964,1218,375,results_fitE_flying_carpet\fb_surface_E_3.47e+07.png
34800000.0,0.0038009243805613305,0.004317420499175518,0.003284428261947142,0.0044744836570821105,0.00339871237784595,0.008770040461376678,0.006758060252760305,1218,375,results_fitE_flying_carpet\fb_surface_E_3.48e+07.png
34900000.0,0.0038258749045684375,0.004340571853973782,0.0033111779551630925,0.004497542081834148,0.003426604686071564,0.008769981576944644,0.006758666030701581,1218,375,results_fitE_flying_carpet\fb_surface_E_3.49e+07.png
35000000.0,0.003850833998763999,0.004363768693147809,0.0033378993043801895,0.004520736773298256,0.003454570645678958,0.008769922914690706,0.006759268618188766,1218,375,results_fitE_flying_carpet\fb_surface_E_3.50e+07.png
35100000.0,0.003875790553707251,0.004387004763565545,0.0033645763438489573,0.004544060452343031,0.003482594580473591,0.008769864473795777,0.006759868039979759,1218,375,results_fitE_flying_carpet\fb_surface_E_3.51e+07.png
35200000.0,0.0039007355650952976,0.004410274132974139,0.0033911969972164565,0.004567506070717049,0.0035106591314870233,0.008769806253448208,0.006760464320729273,1218,375,results_fitE_flying_carpet\fb_surface_E_3.52e+07.png
35300000.0,0.003925661586674577,0.004433571162310282,0.0034177520110388725,0.004591066794098615,0.003538742434449745,0.00879521167451032,0.0067610574845952225,1218,375,results_fitE_flying_carpet\fb_surface_E_3.53e+07.png
35400000.0,0.003950581346765116,0.004456890499466316,0.0034442721940639155,0.004614736005476928,0.0035668900954016337,0.008834889383326393,0.006761647555585511,1218,375,results_fitE_flying_carpet\fb_surface_E_3.54e+07.png
35500000.0,0.003975491988130274,0.004480227070047843,0.0034707569062127053,0.0046385073052459275,0.0035950977089049888,0.008874829798511634,0.006762234557645495,1218,375,results_fitE_flying_carpet\fb_surface_E_3.55e+07.png
35600000.0,0.004000388150416808,0.004503576049361056,0.0034972002514725596,0.00466237449129286,0.0036233556548841764,0.008915020521015737,0.006762818514206635,1218,375,results_fitE_flying_carpet\fb_surface_E_3.56e+07.png
35700000.0,0.004025259916315001,0.004526932858012873,0.0035235869746171283,0.004686331562217482,0.003651640046326159,0.008955449503419954,0.006815810778060883,1218,375,results_fitE_flying_carpet\fb_surface_E_3.57e+07.png
35800000.0,0.004050109917239464,0.0045502931566187834,0.0035499266778601436,0.004710372719445511,0.0036799644199724322,0.008996105058010146,0.006880334727900165,1218,375,results_fitE_flying_carpet\fb_surface_E_3.58e+07.png
35900000.0,0.004074934358888126,0.004573652813884581,0.0035762159038916722,0.004734492341228141,0.0037083225255969705,0.009036975814162315,0.006944697646451718,1218,375,results_fitE_flying_carpet\fb_surface_E_3.59e+07.png
37000000.0,0.004345228428788539,0.0048295757123901755,0.0038608811451869016,0.005003553827394562,0.00402055701730267,0.009497823706335706,0.007640771477719193,1218,375,results_fitE_flying_carpet\fb_surface_E_3.70e+07.png
38000000.0,0.004584583344700465,0.005058584807713083,0.004110581881687847,0.005250926165289182,0.004301105191445053,0.009928049220072186,0.008252257757850164,1218,375,results_fitE_flying_carpet\fb_surface_E_3.80e+07.png
39000000.0,0.004851918842525713,0.005316345014533789,0.004387492670517635,0.005536553837479146,0.004619042578456998,0.010451239304510989,0.008960320753730357,1218,375,results_fitE_flying_carpet\fb_surface_E_3.90e+07.png
40000000.0,0.005076442012030605,0.005533750882068377,0.004619133141992833,0.005781033962549033,0.004887749243726964,0.010885844057774076,0.009525807542342411,1218,375,results_fitE_flying_carpet\fb_surface_E_4.00e+07.png
41000000.0,0.005292915717780028,0.0057443175444339125,0.004841513891126143,0.006021037878727915,0.005148359949272476,0.01131531496538863,0.010068892555776992,1218,375,results_fitE_flying_carpet\fb_surface_E_4.10e+07.png
42000000.0,0.005501324593458671,0.005947859799580179,0.005054789387337164,0.0062556440589972935,0.005400353097663552,0.011737395057489351,0.010590191967625685,1218,375,results_fitE_flying_carpet\fb_surface_E_4.20e+07.png
43000000.0,0.005738373287070203,0.006180585500226534,0.005296161073913872,0.006527832032103073,0.0056889575357323245,0.01225237293460947,0.011212576461220876,1218,375,results_fitE_flying_carpet\fb_surface_E_4.30e+07.png
44000000.0,0.0059307422765121996,0.00636965869883244,0.005491825854191958,0.006749859842401534,0.005923134470463981,0.012655373454354964,0.011690695275966952,1218,375,results_fitE_flying_carpet\fb_surface_E_4.40e+07.png
45000000.0,0.006115777572998705,0.006551924316022955,0.005679630829974454,0.006965289362524207,0.006148859621390172,0.013047585028215307,0.012149661245741515,1218,375,results_fitE_flying_carpet\fb_surface_E_4.50e+07.png
46000000.0,0.006293812017352087,0.006727610142884606,0.005860013891819568,0.007174105086540064,0.006366497750515252,0.013428725821130437,0.012590420140179064,1218,375,results_fitE_flying_carpet\fb_surface_E_4.60e+07.png
47000000.0,0.006465183772107981,0.006896957145669658,0.006033410398546303,0.007376360340852266,0.0065763993641518295,0.01379870715186587,0.013013894957842376,1218,375,results_fitE_flying_carpet\fb_surface_E_4.70e+07.png
48000000.0,0.006667258932290486,0.00709740184702432,0.0062371160175566515,0.00761827510736993,0.006825256466528516,0.014265936578146149,0.013543297588905427,1218,375,results_fitE_flying_carpet\fb_surface_E_4.80e+07.png
49000000.0,0.006825430981332425,0.007254247374418111,0.006396614588246739,0.007807227646823539,0.007019339309238004,0.01461274084816054,0.013932690264437221,1218,375,results_fitE_flying_carpet\fb_surface_E_4.90e+07.png
